{"cameraMode":{"drawMode":0,"name":"Shaded","section":"Shading Mode"},"sceneLighting":true,"audioPlay":false,"sceneViewState":{"showFog":true,"showMaterialUpdate":true,"showSkybox":true,"showFlares":true,"showImageEffects":true,"showParticleSystems":true},"in2DMode":false,"pivot":{"x":-15.50718879699707,"y":-15.018251419067383,"z":-17.75621795654297},"rotation":{"x":-0.10716772079467774,"y":0.8745734095573425,"z":-0.22547093033790589,"w":-0.4156913757324219},"size":42.740299224853519,"orthographic":false}