{"cameraMode":{"drawMode":0,"name":"Shaded","section":"Shading Mode"},"sceneLighting":true,"audioPlay":false,"sceneViewState":{"showFog":true,"showMaterialUpdate":false,"showSkybox":true,"showFlares":true,"showImageEffects":true,"showParticleSystems":true},"in2DMode":false,"pivot":{"x":0.5104101896286011,"y":-2.701626777648926,"z":31.396867752075197},"rotation":{"x":0.1289481222629547,"y":0.005945016164332628,"z":-0.0007729625212959945,"w":0.9916332960128784},"size":41.20460510253906,"orthographic":false}