{"cameraMode":{"drawMode":0,"name":"Shaded","section":"Shading Mode"},"sceneLighting":true,"audioPlay":false,"sceneViewState":{"showFog":true,"showMaterialUpdate":false,"showSkybox":true,"showFlares":true,"showImageEffects":true,"showParticleSystems":true},"in2DMode":false,"pivot":{"x":1.907884955406189,"y":-0.6662592887878418,"z":-3.6797614097595217},"rotation":{"x":0.1911264806985855,"y":0.004412197507917881,"z":-0.0008590278448536992,"w":0.9815551042556763},"size":18.587419509887697,"orthographic":false}