{"cameraMode":{"drawMode":0,"name":"Shaded","section":"Shading Mode"},"sceneLighting":true,"audioPlay":false,"sceneViewState":{"showFog":false,"showMaterialUpdate":false,"showSkybox":false,"showFlares":false,"showImageEffects":false,"showParticleSystems":false},"in2DMode":false,"pivot":{"x":0.031075239181518556,"y":1.4323619604110718,"z":0.009699344635009766},"rotation":{"x":0.0045310817658901218,"y":0.992984414100647,"z":-0.11098795384168625,"w":0.04053514450788498},"size":3.102904796600342,"orthographic":false}