{"cameraMode":{"drawMode":0,"name":"Shaded","section":"Shading Mode"},"sceneLighting":false,"audioPlay":false,"sceneViewState":{"showFog":false,"showMaterialUpdate":false,"showSkybox":false,"showFlares":false,"showImageEffects":false,"showParticleSystems":false},"in2DMode":false,"pivot":{"x":3.218883514404297,"y":8.91282844543457,"z":1.2928334474563599},"rotation":{"x":0.5988398194313049,"y":0.023250997066497804,"z":-0.017398474738001825,"w":0.8003421425819397},"size":2.2559521198272707,"orthographic":false}