{"cameraMode":{"drawMode":0,"name":"Shaded","section":"Shading Mode"},"sceneLighting":true,"audioPlay":false,"sceneViewState":{"showFog":false,"showMaterialUpdate":false,"showSkybox":false,"showFlares":false,"showImageEffects":false,"showParticleSystems":false},"in2DMode":false,"pivot":{"x":2.658600330352783,"y":3.105208396911621,"z":-2.8961868286132814},"rotation":{"x":0.29412102699279787,"y":0.5022733807563782,"z":-0.18665871024131776,"w":0.7914372682571411},"size":7.288040637969971,"orthographic":false}