{"cameraMode":{"drawMode":0,"name":"Shaded","section":"Shading Mode"},"sceneLighting":true,"audioPlay":false,"sceneViewState":{"showFog":false,"showMaterialUpdate":false,"showSkybox":false,"showFlares":false,"showImageEffects":false,"showParticleSystems":false},"in2DMode":false,"pivot":{"x":-5.496853351593018,"y":3.842094898223877,"z":-0.11209535598754883},"rotation":{"x":-0.17584030330181123,"y":-0.1490815281867981,"z":0.026952283456921579,"w":-0.9726913571357727},"size":32.27539825439453,"orthographic":false}