{"cameraMode":{"drawMode":0,"name":"Shaded","section":"Shading Mode"},"sceneLighting":false,"audioPlay":false,"sceneViewState":{"showFog":false,"showMaterialUpdate":false,"showSkybox":false,"showFlares":false,"showImageEffects":false,"showParticleSystems":false},"in2DMode":false,"pivot":{"x":-0.08729302883148194,"y":1.0940479040145875,"z":-1.612453818321228},"rotation":{"x":0.20878790318965913,"y":0.0043893433175981049,"z":-0.0009395937668159604,"w":0.9779506921768189},"size":1.5952413082122803,"orthographic":false}