{"cameraMode":{"drawMode":0,"name":"Shaded","section":"Shading Mode"},"sceneLighting":false,"audioPlay":false,"sceneViewState":{"showFog":false,"showMaterialUpdate":false,"showSkybox":false,"showFlares":false,"showImageEffects":false,"showParticleSystems":false},"in2DMode":false,"pivot":{"x":-0.052162326872348788,"y":1.1071795225143433,"z":-1.6073859930038453},"rotation":{"x":0.2043592929840088,"y":0.016139494255185128,"z":-0.00337232812307775,"w":0.9787570834159851},"size":1.5952413082122803,"orthographic":false}