{"cameraMode":{"drawMode":0,"name":"Shaded","section":"Shading Mode"},"sceneLighting":true,"audioPlay":false,"sceneViewState":{"showFog":false,"showMaterialUpdate":false,"showSkybox":false,"showFlares":false,"showImageEffects":false,"showParticleSystems":false},"in2DMode":false,"pivot":{"x":-2.804046630859375,"y":17.96498680114746,"z":-2.996753692626953},"rotation":{"x":0.2605227828025818,"y":0.48672473430633547,"z":-0.15476852655410767,"w":0.8193129301071167},"size":8.224617004394532,"orthographic":false}