{"cameraMode":{"drawMode":0,"name":"Shaded","section":"Shading Mode"},"sceneLighting":true,"audioPlay":false,"sceneViewState":{"showFog":false,"showMaterialUpdate":false,"showSkybox":false,"showFlares":false,"showImageEffects":false,"showParticleSystems":false},"in2DMode":false,"pivot":{"x":6.539023399353027,"y":-13.348464012145996,"z":-6.433047294616699},"rotation":{"x":-0.08092145621776581,"y":-0.8772897720336914,"z":0.4454355239868164,"w":-0.159378781914711},"size":34.177398681640628,"orthographic":false}