{"cameraMode":{"drawMode":0,"name":"Shaded","section":"Shading Mode"},"sceneLighting":true,"audioPlay":false,"sceneViewState":{"showFog":false,"showMaterialUpdate":false,"showSkybox":false,"showFlares":false,"showImageEffects":false,"showParticleSystems":false},"in2DMode":false,"pivot":{"x":17.502689361572267,"y":-11.226593971252442,"z":-37.33303451538086},"rotation":{"x":-0.024095389991998674,"y":-0.9759016036987305,"z":0.15382207930088044,"w":-0.1528863161802292},"size":56.56794738769531,"orthographic":false}