{"cameraMode":{"drawMode":0,"name":"Shaded","section":"Shading Mode"},"sceneLighting":true,"audioPlay":false,"sceneViewState":{"showFog":false,"showMaterialUpdate":false,"showSkybox":false,"showFlares":false,"showImageEffects":false,"showParticleSystems":false},"in2DMode":false,"pivot":{"x":3.2809572219848635,"y":-2.3244128227233888,"z":3.242074489593506},"rotation":{"x":0.42541053891181948,"y":-0.08212671428918839,"z":0.0387997031211853,"w":0.9004308581352234},"size":10.249369621276856,"orthographic":false}