{"cameraMode":{"drawMode":0,"name":"Shaded","section":"Shading Mode"},"sceneLighting":false,"audioPlay":false,"sceneViewState":{"showFog":false,"showMaterialUpdate":false,"showSkybox":false,"showFlares":false,"showImageEffects":false,"showParticleSystems":false},"in2DMode":false,"pivot":{"x":0.023587703704833986,"y":1.8563684225082398,"z":-0.17113709449768067},"rotation":{"x":0.11906991899013519,"y":0.680946946144104,"z":-0.11362510919570923,"w":0.7135986089706421},"size":0.4169675409793854,"orthographic":false}