{"cameraMode":{"drawMode":0,"name":"Shaded","section":"Shading Mode"},"sceneLighting":false,"audioPlay":false,"sceneViewState":{"showFog":false,"showMaterialUpdate":false,"showSkybox":false,"showFlares":false,"showImageEffects":false,"showParticleSystems":false},"in2DMode":false,"pivot":{"x":0.14434517920017243,"y":1.7421942949295045,"z":0.0521467849612236},"rotation":{"x":0.09476276487112045,"y":0.7750498652458191,"z":-0.11978638172149658,"w":0.6131631731987},"size":0.4169675409793854,"orthographic":false}