{"cameraMode":{"drawMode":0,"name":"Shaded","section":"Shading Mode"},"sceneLighting":true,"audioPlay":false,"sceneViewState":{"showFog":false,"showMaterialUpdate":false,"showSkybox":false,"showFlares":false,"showImageEffects":false,"showParticleSystems":false},"in2DMode":false,"pivot":{"x":0.9245539307594299,"y":7.791563510894775,"z":1.7932134866714478},"rotation":{"x":0.044725753366947177,"y":0.8710232973098755,"z":-0.48249202966690066,"w":0.08074341714382172},"size":0.296845018863678,"orthographic":false}