{"cameraMode":{"drawMode":0,"name":"Shaded","section":"Shading Mode"},"sceneLighting":true,"audioPlay":false,"sceneViewState":{"showFog":false,"showMaterialUpdate":false,"showSkybox":false,"showFlares":false,"showImageEffects":false,"showParticleSystems":false},"in2DMode":false,"pivot":{"x":3.431457996368408,"y":-2.3632194995880129,"z":-5.643598556518555},"rotation":{"x":-0.004207167308777571,"y":0.933042049407959,"z":-0.3595772385597229,"w":-0.010912195779383183},"size":12.201190948486329,"orthographic":false}