{"cameraMode":{"drawMode":0,"name":"Shaded","section":"Shading Mode"},"sceneLighting":true,"audioPlay":false,"sceneViewState":{"showFog":false,"showMaterialUpdate":false,"showSkybox":false,"showFlares":false,"showImageEffects":false,"showParticleSystems":false},"in2DMode":false,"pivot":{"x":-92.57463836669922,"y":-46.50103759765625,"z":4.953468322753906},"rotation":{"x":-0.17040322721004487,"y":0.6653274297714233,"z":-0.15989471971988679,"w":-0.7090387344360352},"size":109.13711547851563,"orthographic":false}