{"cameraMode":{"drawMode":0,"name":"Shaded","section":"Shading Mode"},"sceneLighting":true,"audioPlay":false,"sceneViewState":{"showFog":false,"showMaterialUpdate":false,"showSkybox":false,"showFlares":false,"showImageEffects":false,"showParticleSystems":false},"in2DMode":false,"pivot":{"x":43.017826080322269,"y":-35.06503677368164,"z":71.24900817871094},"rotation":{"x":-0.20149759948253632,"y":-0.23053933680057527,"z":0.04886298626661301,"w":-0.9507169723510742},"size":99.79544830322266,"orthographic":false}