{"cameraMode":{"drawMode":0,"name":"Shaded","section":"Shading Mode"},"sceneLighting":true,"audioPlay":false,"sceneViewState":{"showFog":false,"showMaterialUpdate":false,"showSkybox":false,"showFlares":false,"showImageEffects":false,"showParticleSystems":false},"in2DMode":false,"pivot":{"x":0.10479755699634552,"y":0.6585327982902527,"z":0.9846134185791016},"rotation":{"x":0.013993176631629467,"y":0.9743238687515259,"z":-0.2156381607055664,"w":0.06322526186704636},"size":1.9029051065444947,"orthographic":false}