{"cameraMode":{"drawMode":0,"name":"Shaded","section":"Shading Mode"},"sceneLighting":true,"audioPlay":false,"sceneViewState":{"showFog":false,"showMaterialUpdate":false,"showSkybox":false,"showFlares":false,"showImageEffects":false,"showParticleSystems":false},"in2DMode":false,"pivot":{"x":-2.3229856491088869,"y":8.084549903869629,"z":-0.8512462973594666},"rotation":{"x":-0.12535904347896577,"y":-0.8667148947715759,"z":0.2727340757846832,"w":-0.39838001132011416},"size":0.296845018863678,"orthographic":false}