{"cameraMode":{"drawMode":0,"name":"Shaded","section":"Shading Mode"},"sceneLighting":true,"audioPlay":false,"sceneViewState":{"showFog":true,"showMaterialUpdate":false,"showSkybox":true,"showFlares":true,"showImageEffects":true,"showParticleSystems":true},"in2DMode":false,"pivot":{"x":3.066068410873413,"y":2.5962111949920656,"z":2.0765435695648195},"rotation":{"x":-0.13052326440811158,"y":0.829729437828064,"z":-0.21789415180683137,"w":-0.49702614545822146},"size":5.141005516052246,"orthographic":false}